job_id,student_id,first_name,last_name,email,course_code,course_name,course_description,coordinator,printer_id,printer_nickname,printer_brand,printer_model,printer_type,model_file,print_start_time,duration_min
1,100012,Charlotte,Baker,charlotte.baker@kangalife.edu.au,DES101,Product Design Fundamentals,"Introductory principles of product design, prototyping and 3D modelling.",Mrs. Lisa Chen,P0001,Ada,Prusa,MK4,FDM,hinge_prototype_v7.3mf,2026-08-01 13:30,416
2,100024,Zoe,Edwards,zoe.edwards@kangalife.edu.au,DES101,Product Design Fundamentals,"Introductory principles of product design, prototyping and 3D modelling.",Mrs. Lisa Chen,P0003,Marvin,Bambu Lab,X1 Carbon,FDM,fan_shroud_v9.3mf,2026-08-01 16:30,265
3,100010,Mia,Hall,mia.hall@kangalife.edu.au,DES101,Product Design Fundamentals,"Introductory principles of product design, prototyping and 3D modelling.",Mrs. Lisa Chen,P0002,Turing,Prusa,MK3S+,FDM,cable_clip_v9.3mf,2026-08-01 17:45,226
4,100000,Olivia,Smith,olivia.smith@kangalife.edu.au,DES101,Product Design Fundamentals,"Introductory principles of product design, prototyping and 3D modelling.",Mrs. Lisa Chen,P0006,Optimus,Creality,K1 Max,FDM,clip_mount_v6.3mf,2026-08-02 09:30,41
5,100007,Mason,Kelly,mason.kelly@kangalife.edu.au,ENG202,Engineering Systems,Applied mechanical and systems engineering with a focus on rapid prototyping.,Mr. James Cole,P0007,Bender,Formlabs,Form 3,SLS,lever_arm_v1.3mf,2026-08-02 10:30,123
6,100014,Amelia,Adams,amelia.adams@kangalife.edu.au,DES101,Product Design Fundamentals,"Introductory principles of product design, prototyping and 3D modelling.",Mrs. Lisa Chen,P0009,Nova,Ultimaker,S5,FDM,gasket_ring_v9.3mf,2026-08-02 17:30,354
7,100028,Lily,Rogers,lily.rogers@kangalife.edu.au,DES101,Product Design Fundamentals,"Introductory principles of product design, prototyping and 3D modelling.",Mrs. Lisa Chen,P0008,Gizmo,Formlabs,Fuse 1+,SLS,gasket_ring_v9.3mf,2026-08-02 20:00,235
8,100027,Samuel,Morris,samuel.morris@kangalife.edu.au,ENG202,Engineering Systems,Applied mechanical and systems engineering with a focus on rapid prototyping.,Mr. James Cole,P0003,Marvin,Bambu Lab,X1 Carbon,FDM,hinge_prototype_v7.3mf,2026-08-03 09:30,415
9,100013,Henry,Scott,henry.scott@kangalife.edu.au,ENG202,Engineering Systems,Applied mechanical and systems engineering with a focus on rapid prototyping.,Mr. James Cole,P0009,Nova,Ultimaker,S5,FDM,lever_arm_v9.3mf,2026-08-03 16:30,29
10,100003,Noah,Brown,noah.brown@kangalife.edu.au,ENG202,Engineering Systems,Applied mechanical and systems engineering with a focus on rapid prototyping.,Mr. James Cole,P0009,Nova,Ultimaker,S5,FDM,gear_housing_v7.3mf,2026-08-04 07:00,126
11,100001,Liam,Jones,liam.jones@kangalife.edu.au,ENG202,Engineering Systems,Applied mechanical and systems engineering with a focus on rapid prototyping.,Mr. James Cole,P0009,Nova,Ultimaker,S5,FDM,gasket_ring_v8.3mf,2026-08-04 07:45,448
12,100022,Chloe,Parker,chloe.parker@kangalife.edu.au,DES101,Product Design Fundamentals,"Introductory principles of product design, prototyping and 3D modelling.",Mrs. Lisa Chen,P0010,Titan,Anycubic,Photon Mono X,SLS,spacer_plate_v5.3mf,2026-08-04 10:30,376
13,100012,Charlotte,Baker,charlotte.baker@kangalife.edu.au,DES101,Product Design Fundamentals,"Introductory principles of product design, prototyping and 3D modelling.",Mrs. Lisa Chen,P0002,Turing,Prusa,MK3S+,FDM,wheel_hub_v4.3mf,2026-08-04 12:00,444
14,100007,Mason,Kelly,mason.kelly@kangalife.edu.au,ENG202,Engineering Systems,Applied mechanical and systems engineering with a focus on rapid prototyping.,Mr. James Cole,P0005,Baymax,Creality,Ender 3 V3,FDM,battery_case_v8.3mf,2026-08-04 13:30,357
15,100020,Grace,Phillips,grace.phillips@kangalife.edu.au,DES101,Product Design Fundamentals,"Introductory principles of product design, prototyping and 3D modelling.",Mrs. Lisa Chen,P0001,Ada,Prusa,MK4,FDM,gasket_ring_v8.3mf,2026-08-04 16:30,389
16,100022,Chloe,Parker,chloe.parker@kangalife.edu.au,DES101,Product Design Fundamentals,"Introductory principles of product design, prototyping and 3D modelling.",Mrs. Lisa Chen,P0001,Ada,Prusa,MK4,FDM,clip_mount_v2.3mf,2026-08-04 20:30,51
17,100019,William,Turner,william.turner@kangalife.edu.au,ENG202,Engineering Systems,Applied mechanical and systems engineering with a focus on rapid prototyping.,Mr. James Cole,P0009,Nova,Ultimaker,S5,FDM,cable_clip_v9.3mf,2026-08-05 07:00,85
18,100003,Noah,Brown,noah.brown@kangalife.edu.au,ENG202,Engineering Systems,Applied mechanical and systems engineering with a focus on rapid prototyping.,Mr. James Cole,P0005,Baymax,Creality,Ender 3 V3,FDM,hinge_prototype_v5.3mf,2026-08-05 08:45,191
19,100022,Chloe,Parker,chloe.parker@kangalife.edu.au,DES101,Product Design Fundamentals,"Introductory principles of product design, prototyping and 3D modelling.",Mrs. Lisa Chen,P0006,Optimus,Creality,K1 Max,FDM,test_cube_v3.3mf,2026-08-05 11:45,371
20,100017,Oscar,Mitchell,oscar.mitchell@kangalife.edu.au,ENG202,Engineering Systems,Applied mechanical and systems engineering with a focus on rapid prototyping.,Mr. James Cole,P0006,Optimus,Creality,K1 Max,FDM,gear_housing_v7.3mf,2026-08-05 13:00,250
21,100022,Chloe,Parker,chloe.parker@kangalife.edu.au,DES101,Product Design Fundamentals,"Introductory principles of product design, prototyping and 3D modelling.",Mrs. Lisa Chen,P0010,Titan,Anycubic,Photon Mono X,SLS,hinge_prototype_v8.3mf,2026-08-05 13:30,361
22,100022,Chloe,Parker,chloe.parker@kangalife.edu.au,DES101,Product Design Fundamentals,"Introductory principles of product design, prototyping and 3D modelling.",Mrs. Lisa Chen,P0008,Gizmo,Formlabs,Fuse 1+,SLS,wheel_hub_v8.3mf,2026-08-05 18:30,329
23,100011,Jack,Green,jack.green@kangalife.edu.au,ENG202,Engineering Systems,Applied mechanical and systems engineering with a focus on rapid prototyping.,Mr. James Cole,P0006,Optimus,Creality,K1 Max,FDM,lever_arm_v5.3mf,2026-08-05 18:45,289
24,100011,Jack,Green,jack.green@kangalife.edu.au,ENG202,Engineering Systems,Applied mechanical and systems engineering with a focus on rapid prototyping.,Mr. James Cole,P0005,Baymax,Creality,Ender 3 V3,FDM,sensor_bracket_v2.3mf,2026-08-06 09:15,401
25,100006,Sophia,Nguyen,sophia.nguyen@kangalife.edu.au,DES101,Product Design Fundamentals,"Introductory principles of product design, prototyping and 3D modelling.",Mrs. Lisa Chen,P0010,Titan,Anycubic,Photon Mono X,SLS,wheel_hub_v1.3mf,2026-08-06 11:45,320
26,100014,Amelia,Adams,amelia.adams@kangalife.edu.au,DES101,Product Design Fundamentals,"Introductory principles of product design, prototyping and 3D modelling.",Mrs. Lisa Chen,P0006,Optimus,Creality,K1 Max,FDM,bracket_v2_v7.3mf,2026-08-06 13:30,135
27,100017,Oscar,Mitchell,oscar.mitchell@kangalife.edu.au,ENG202,Engineering Systems,Applied mechanical and systems engineering with a focus on rapid prototyping.,Mr. James Cole,P0003,Marvin,Bambu Lab,X1 Carbon,FDM,tool_handle_v1.3mf,2026-08-06 15:30,372
28,100010,Mia,Hall,mia.hall@kangalife.edu.au,DES101,Product Design Fundamentals,"Introductory principles of product design, prototyping and 3D modelling.",Mrs. Lisa Chen,P0009,Nova,Ultimaker,S5,FDM,nozzle_guard_v7.3mf,2026-08-07 10:45,214
29,100025,Thomas,Collins,thomas.collins@kangalife.edu.au,ENG202,Engineering Systems,Applied mechanical and systems engineering with a focus on rapid prototyping.,Mr. James Cole,P0009,Nova,Ultimaker,S5,FDM,test_cube_v2.3mf,2026-08-07 11:45,382
30,100004,Ava,Wilson,ava.wilson@kangalife.edu.au,DES101,Product Design Fundamentals,"Introductory principles of product design, prototyping and 3D modelling.",Mrs. Lisa Chen,P0007,Bender,Formlabs,Form 3,SLS,camera_mount_v2.3mf,2026-08-07 14:45,413
31,100020,Grace,Phillips,grace.phillips@kangalife.edu.au,DES101,Product Design Fundamentals,"Introductory principles of product design, prototyping and 3D modelling.",Mrs. Lisa Chen,P0006,Optimus,Creality,K1 Max,FDM,test_cube_v8.3mf,2026-08-07 14:45,338
32,100010,Mia,Hall,mia.hall@kangalife.edu.au,DES101,Product Design Fundamentals,"Introductory principles of product design, prototyping and 3D modelling.",Mrs. Lisa Chen,P0004,Wall-E,Bambu Lab,P1S,FDM,test_cube_v4.3mf,2026-08-07 20:15,315
33,100006,Sophia,Nguyen,sophia.nguyen@kangalife.edu.au,DES101,Product Design Fundamentals,"Introductory principles of product design, prototyping and 3D modelling.",Mrs. Lisa Chen,P0003,Marvin,Bambu Lab,X1 Carbon,FDM,lever_arm_v3.3mf,2026-08-08 09:45,252
34,100007,Mason,Kelly,mason.kelly@kangalife.edu.au,ENG202,Engineering Systems,Applied mechanical and systems engineering with a focus on rapid prototyping.,Mr. James Cole,P0006,Optimus,Creality,K1 Max,FDM,camera_mount_v5.3mf,2026-08-08 11:15,340
35,100023,Benjamin,Evans,benjamin.evans@kangalife.edu.au,ENG202,Engineering Systems,Applied mechanical and systems engineering with a focus on rapid prototyping.,Mr. James Cole,P0003,Marvin,Bambu Lab,X1 Carbon,FDM,battery_case_v3.3mf,2026-08-08 14:30,188
36,100014,Amelia,Adams,amelia.adams@kangalife.edu.au,DES101,Product Design Fundamentals,"Introductory principles of product design, prototyping and 3D modelling.",Mrs. Lisa Chen,P0010,Titan,Anycubic,Photon Mono X,SLS,adapter_ring_v2.3mf,2026-08-08 15:15,274
37,100026,Ella,Stewart,ella.stewart@kangalife.edu.au,DES101,Product Design Fundamentals,"Introductory principles of product design, prototyping and 3D modelling.",Mrs. Lisa Chen,P0002,Turing,Prusa,MK3S+,FDM,cable_clip_v8.3mf,2026-08-08 16:00,92
38,100021,James,Campbell,james.campbell@kangalife.edu.au,ENG202,Engineering Systems,Applied mechanical and systems engineering with a focus on rapid prototyping.,Mr. James Cole,P0007,Bender,Formlabs,Form 3,SLS,cable_clip_v4.3mf,2026-08-08 16:15,67
39,100014,Amelia,Adams,amelia.adams@kangalife.edu.au,DES101,Product Design Fundamentals,"Introductory principles of product design, prototyping and 3D modelling.",Mrs. Lisa Chen,P0006,Optimus,Creality,K1 Max,FDM,wheel_hub_v8.3mf,2026-08-08 16:15,286
40,100018,Evelyn,Roberts,evelyn.roberts@kangalife.edu.au,DES101,Product Design Fundamentals,"Introductory principles of product design, prototyping and 3D modelling.",Mrs. Lisa Chen,P0002,Turing,Prusa,MK3S+,FDM,gear_housing_v8.3mf,2026-08-08 19:15,80
41,100029,Daniel,Reed,daniel.reed@kangalife.edu.au,ENG202,Engineering Systems,Applied mechanical and systems engineering with a focus on rapid prototyping.,Mr. James Cole,P0010,Titan,Anycubic,Photon Mono X,SLS,phone_stand_v1.3mf,2026-08-09 07:30,348
42,100006,Sophia,Nguyen,sophia.nguyen@kangalife.edu.au,DES101,Product Design Fundamentals,"Introductory principles of product design, prototyping and 3D modelling.",Mrs. Lisa Chen,P0009,Nova,Ultimaker,S5,FDM,spacer_plate_v3.3mf,2026-08-09 11:30,62
43,100008,Isabella,Chen,isabella.chen@kangalife.edu.au,DES101,Product Design Fundamentals,"Introductory principles of product design, prototyping and 3D modelling.",Mrs. Lisa Chen,P0010,Titan,Anycubic,Photon Mono X,SLS,test_cube_v6.3mf,2026-08-09 16:15,194
44,100021,James,Campbell,james.campbell@kangalife.edu.au,ENG202,Engineering Systems,Applied mechanical and systems engineering with a focus on rapid prototyping.,Mr. James Cole,P0003,Marvin,Bambu Lab,X1 Carbon,FDM,hinge_prototype_v3.3mf,2026-08-09 16:45,332
45,100012,Charlotte,Baker,charlotte.baker@kangalife.edu.au,DES101,Product Design Fundamentals,"Introductory principles of product design, prototyping and 3D modelling.",Mrs. Lisa Chen,P0010,Titan,Anycubic,Photon Mono X,SLS,adapter_ring_v1.3mf,2026-08-09 17:45,84
46,100015,Leo,Nelson,leo.nelson@kangalife.edu.au,ENG202,Engineering Systems,Applied mechanical and systems engineering with a focus on rapid prototyping.,Mr. James Cole,P0006,Optimus,Creality,K1 Max,FDM,camera_mount_v5.3mf,2026-08-09 18:45,55
47,100008,Isabella,Chen,isabella.chen@kangalife.edu.au,DES101,Product Design Fundamentals,"Introductory principles of product design, prototyping and 3D modelling.",Mrs. Lisa Chen,P0008,Gizmo,Formlabs,Fuse 1+,SLS,clip_mount_v3.3mf,2026-08-10 07:30,211
48,100022,Chloe,Parker,chloe.parker@kangalife.edu.au,DES101,Product Design Fundamentals,"Introductory principles of product design, prototyping and 3D modelling.",Mrs. Lisa Chen,P0008,Gizmo,Formlabs,Fuse 1+,SLS,nozzle_guard_v1.3mf,2026-08-10 11:15,222
49,100010,Mia,Hall,mia.hall@kangalife.edu.au,DES101,Product Design Fundamentals,"Introductory principles of product design, prototyping and 3D modelling.",Mrs. Lisa Chen,P0008,Gizmo,Formlabs,Fuse 1+,SLS,cable_clip_v7.3mf,2026-08-10 12:45,175
50,100028,Lily,Rogers,lily.rogers@kangalife.edu.au,DES101,Product Design Fundamentals,"Introductory principles of product design, prototyping and 3D modelling.",Mrs. Lisa Chen,P0005,Baymax,Creality,Ender 3 V3,FDM,spacer_plate_v1.3mf,2026-08-10 13:45,138
51,100020,Grace,Phillips,grace.phillips@kangalife.edu.au,DES101,Product Design Fundamentals,"Introductory principles of product design, prototyping and 3D modelling.",Mrs. Lisa Chen,P0006,Optimus,Creality,K1 Max,FDM,gear_housing_v6.3mf,2026-08-10 15:45,160
52,100014,Amelia,Adams,amelia.adams@kangalife.edu.au,DES101,Product Design Fundamentals,"Introductory principles of product design, prototyping and 3D modelling.",Mrs. Lisa Chen,P0008,Gizmo,Formlabs,Fuse 1+,SLS,clip_mount_v6.3mf,2026-08-10 17:30,293
53,100025,Thomas,Collins,thomas.collins@kangalife.edu.au,ENG202,Engineering Systems,Applied mechanical and systems engineering with a focus on rapid prototyping.,Mr. James Cole,P0006,Optimus,Creality,K1 Max,FDM,test_cube_v9.3mf,2026-08-10 17:45,275
54,100014,Amelia,Adams,amelia.adams@kangalife.edu.au,DES101,Product Design Fundamentals,"Introductory principles of product design, prototyping and 3D modelling.",Mrs. Lisa Chen,P0009,Nova,Ultimaker,S5,FDM,test_cube_v7.3mf,2026-08-10 21:15,433
55,100008,Isabella,Chen,isabella.chen@kangalife.edu.au,DES101,Product Design Fundamentals,"Introductory principles of product design, prototyping and 3D modelling.",Mrs. Lisa Chen,P0003,Marvin,Bambu Lab,X1 Carbon,FDM,enclosure_lid_v6.3mf,2026-08-11 08:45,64
56,100022,Chloe,Parker,chloe.parker@kangalife.edu.au,DES101,Product Design Fundamentals,"Introductory principles of product design, prototyping and 3D modelling.",Mrs. Lisa Chen,P0006,Optimus,Creality,K1 Max,FDM,gear_housing_v7.3mf,2026-08-11 10:45,316
57,100026,Ella,Stewart,ella.stewart@kangalife.edu.au,DES101,Product Design Fundamentals,"Introductory principles of product design, prototyping and 3D modelling.",Mrs. Lisa Chen,P0001,Ada,Prusa,MK4,FDM,wheel_hub_v6.3mf,2026-08-11 13:30,422
58,100003,Noah,Brown,noah.brown@kangalife.edu.au,ENG202,Engineering Systems,Applied mechanical and systems engineering with a focus on rapid prototyping.,Mr. James Cole,P0003,Marvin,Bambu Lab,X1 Carbon,FDM,tool_handle_v2.3mf,2026-08-11 18:15,154
59,100025,Thomas,Collins,thomas.collins@kangalife.edu.au,ENG202,Engineering Systems,Applied mechanical and systems engineering with a focus on rapid prototyping.,Mr. James Cole,P0002,Turing,Prusa,MK3S+,FDM,wheel_hub_v4.3mf,2026-08-11 19:30,83
60,100022,Chloe,Parker,chloe.parker@kangalife.edu.au,DES101,Product Design Fundamentals,"Introductory principles of product design, prototyping and 3D modelling.",Mrs. Lisa Chen,P0007,Bender,Formlabs,Form 3,SLS,fan_shroud_v1.3mf,2026-08-12 08:15,294
61,100026,Ella,Stewart,ella.stewart@kangalife.edu.au,DES101,Product Design Fundamentals,"Introductory principles of product design, prototyping and 3D modelling.",Mrs. Lisa Chen,P0008,Gizmo,Formlabs,Fuse 1+,SLS,gasket_ring_v7.3mf,2026-08-12 09:00,34
62,100023,Benjamin,Evans,benjamin.evans@kangalife.edu.au,ENG202,Engineering Systems,Applied mechanical and systems engineering with a focus on rapid prototyping.,Mr. James Cole,P0006,Optimus,Creality,K1 Max,FDM,battery_case_v9.3mf,2026-08-12 13:15,145
63,100010,Mia,Hall,mia.hall@kangalife.edu.au,DES101,Product Design Fundamentals,"Introductory principles of product design, prototyping and 3D modelling.",Mrs. Lisa Chen,P0003,Marvin,Bambu Lab,X1 Carbon,FDM,gear_housing_v9.3mf,2026-08-12 15:15,478
64,100004,Ava,Wilson,ava.wilson@kangalife.edu.au,DES101,Product Design Fundamentals,"Introductory principles of product design, prototyping and 3D modelling.",Mrs. Lisa Chen,P0004,Wall-E,Bambu Lab,P1S,FDM,test_cube_v8.3mf,2026-08-12 16:15,253
65,100007,Mason,Kelly,mason.kelly@kangalife.edu.au,ENG202,Engineering Systems,Applied mechanical and systems engineering with a focus on rapid prototyping.,Mr. James Cole,P0002,Turing,Prusa,MK3S+,FDM,enclosure_lid_v6.3mf,2026-08-12 18:15,113
66,100020,Grace,Phillips,grace.phillips@kangalife.edu.au,DES101,Product Design Fundamentals,"Introductory principles of product design, prototyping and 3D modelling.",Mrs. Lisa Chen,P0010,Titan,Anycubic,Photon Mono X,SLS,nozzle_guard_v2.3mf,2026-08-12 20:45,320
67,100024,Zoe,Edwards,zoe.edwards@kangalife.edu.au,DES101,Product Design Fundamentals,"Introductory principles of product design, prototyping and 3D modelling.",Mrs. Lisa Chen,P0005,Baymax,Creality,Ender 3 V3,FDM,clip_mount_v5.3mf,2026-08-13 07:15,229
68,100004,Ava,Wilson,ava.wilson@kangalife.edu.au,DES101,Product Design Fundamentals,"Introductory principles of product design, prototyping and 3D modelling.",Mrs. Lisa Chen,P0010,Titan,Anycubic,Photon Mono X,SLS,nozzle_guard_v1.3mf,2026-08-13 08:15,413
69,100026,Ella,Stewart,ella.stewart@kangalife.edu.au,DES101,Product Design Fundamentals,"Introductory principles of product design, prototyping and 3D modelling.",Mrs. Lisa Chen,P0009,Nova,Ultimaker,S5,FDM,adapter_ring_v3.3mf,2026-08-13 13:00,440
70,100012,Charlotte,Baker,charlotte.baker@kangalife.edu.au,DES101,Product Design Fundamentals,"Introductory principles of product design, prototyping and 3D modelling.",Mrs. Lisa Chen,P0001,Ada,Prusa,MK4,FDM,tool_handle_v9.3mf,2026-08-13 14:30,359
71,100021,James,Campbell,james.campbell@kangalife.edu.au,ENG202,Engineering Systems,Applied mechanical and systems engineering with a focus on rapid prototyping.,Mr. James Cole,P0007,Bender,Formlabs,Form 3,SLS,hinge_prototype_v8.3mf,2026-08-13 16:00,479
72,100013,Henry,Scott,henry.scott@kangalife.edu.au,ENG202,Engineering Systems,Applied mechanical and systems engineering with a focus on rapid prototyping.,Mr. James Cole,P0002,Turing,Prusa,MK3S+,FDM,sensor_bracket_v6.3mf,2026-08-13 18:30,274
73,100024,Zoe,Edwards,zoe.edwards@kangalife.edu.au,DES101,Product Design Fundamentals,"Introductory principles of product design, prototyping and 3D modelling.",Mrs. Lisa Chen,P0001,Ada,Prusa,MK4,FDM,sensor_bracket_v5.3mf,2026-08-13 19:30,238
74,100018,Evelyn,Roberts,evelyn.roberts@kangalife.edu.au,DES101,Product Design Fundamentals,"Introductory principles of product design, prototyping and 3D modelling.",Mrs. Lisa Chen,P0007,Bender,Formlabs,Form 3,SLS,wheel_hub_v4.3mf,2026-08-14 15:45,61
75,100020,Grace,Phillips,grace.phillips@kangalife.edu.au,DES101,Product Design Fundamentals,"Introductory principles of product design, prototyping and 3D modelling.",Mrs. Lisa Chen,P0004,Wall-E,Bambu Lab,P1S,FDM,lever_arm_v5.3mf,2026-08-14 17:00,477
76,100017,Oscar,Mitchell,oscar.mitchell@kangalife.edu.au,ENG202,Engineering Systems,Applied mechanical and systems engineering with a focus on rapid prototyping.,Mr. James Cole,P0004,Wall-E,Bambu Lab,P1S,FDM,drone_arm_v8.3mf,2026-08-14 19:45,356
77,100004,Ava,Wilson,ava.wilson@kangalife.edu.au,DES101,Product Design Fundamentals,"Introductory principles of product design, prototyping and 3D modelling.",Mrs. Lisa Chen,P0007,Bender,Formlabs,Form 3,SLS,enclosure_lid_v9.3mf,2026-08-14 20:00,156
78,100017,Oscar,Mitchell,oscar.mitchell@kangalife.edu.au,ENG202,Engineering Systems,Applied mechanical and systems engineering with a focus on rapid prototyping.,Mr. James Cole,P0001,Ada,Prusa,MK4,FDM,camera_mount_v4.3mf,2026-08-15 11:45,15
79,100001,Liam,Jones,liam.jones@kangalife.edu.au,ENG202,Engineering Systems,Applied mechanical and systems engineering with a focus on rapid prototyping.,Mr. James Cole,P0006,Optimus,Creality,K1 Max,FDM,adapter_ring_v9.3mf,2026-08-15 13:15,36
80,100023,Benjamin,Evans,benjamin.evans@kangalife.edu.au,ENG202,Engineering Systems,Applied mechanical and systems engineering with a focus on rapid prototyping.,Mr. James Cole,P0005,Baymax,Creality,Ender 3 V3,FDM,adapter_ring_v8.3mf,2026-08-15 14:45,191
81,100004,Ava,Wilson,ava.wilson@kangalife.edu.au,DES101,Product Design Fundamentals,"Introductory principles of product design, prototyping and 3D modelling.",Mrs. Lisa Chen,P0010,Titan,Anycubic,Photon Mono X,SLS,cable_clip_v2.3mf,2026-08-15 18:00,61
82,100007,Mason,Kelly,mason.kelly@kangalife.edu.au,ENG202,Engineering Systems,Applied mechanical and systems engineering with a focus on rapid prototyping.,Mr. James Cole,P0003,Marvin,Bambu Lab,X1 Carbon,FDM,fan_shroud_v2.3mf,2026-08-16 07:45,245
83,100015,Leo,Nelson,leo.nelson@kangalife.edu.au,ENG202,Engineering Systems,Applied mechanical and systems engineering with a focus on rapid prototyping.,Mr. James Cole,P0004,Wall-E,Bambu Lab,P1S,FDM,clip_mount_v3.3mf,2026-08-16 08:30,447
84,100024,Zoe,Edwards,zoe.edwards@kangalife.edu.au,DES101,Product Design Fundamentals,"Introductory principles of product design, prototyping and 3D modelling.",Mrs. Lisa Chen,P0010,Titan,Anycubic,Photon Mono X,SLS,test_cube_v7.3mf,2026-08-16 09:15,440
85,100010,Mia,Hall,mia.hall@kangalife.edu.au,DES101,Product Design Fundamentals,"Introductory principles of product design, prototyping and 3D modelling.",Mrs. Lisa Chen,P0008,Gizmo,Formlabs,Fuse 1+,SLS,cable_clip_v7.3mf,2026-08-16 14:00,79
86,100026,Ella,Stewart,ella.stewart@kangalife.edu.au,DES101,Product Design Fundamentals,"Introductory principles of product design, prototyping and 3D modelling.",Mrs. Lisa Chen,P0002,Turing,Prusa,MK3S+,FDM,nozzle_guard_v2.3mf,2026-08-16 14:30,275
87,100014,Amelia,Adams,amelia.adams@kangalife.edu.au,DES101,Product Design Fundamentals,"Introductory principles of product design, prototyping and 3D modelling.",Mrs. Lisa Chen,P0010,Titan,Anycubic,Photon Mono X,SLS,tool_handle_v1.3mf,2026-08-16 18:45,189
88,100029,Daniel,Reed,daniel.reed@kangalife.edu.au,ENG202,Engineering Systems,Applied mechanical and systems engineering with a focus on rapid prototyping.,Mr. James Cole,P0007,Bender,Formlabs,Form 3,SLS,clip_mount_v5.3mf,2026-08-16 19:00,210
89,100024,Zoe,Edwards,zoe.edwards@kangalife.edu.au,DES101,Product Design Fundamentals,"Introductory principles of product design, prototyping and 3D modelling.",Mrs. Lisa Chen,P0001,Ada,Prusa,MK4,FDM,drone_arm_v3.3mf,2026-08-16 19:45,320
90,100027,Samuel,Morris,samuel.morris@kangalife.edu.au,ENG202,Engineering Systems,Applied mechanical and systems engineering with a focus on rapid prototyping.,Mr. James Cole,P0010,Titan,Anycubic,Photon Mono X,SLS,battery_case_v4.3mf,2026-08-16 20:30,310
91,100003,Noah,Brown,noah.brown@kangalife.edu.au,ENG202,Engineering Systems,Applied mechanical and systems engineering with a focus on rapid prototyping.,Mr. James Cole,P0009,Nova,Ultimaker,S5,FDM,test_cube_v5.3mf,2026-08-17 09:30,378
92,100020,Grace,Phillips,grace.phillips@kangalife.edu.au,DES101,Product Design Fundamentals,"Introductory principles of product design, prototyping and 3D modelling.",Mrs. Lisa Chen,P0003,Marvin,Bambu Lab,X1 Carbon,FDM,adapter_ring_v3.3mf,2026-08-17 17:30,446
93,100000,Olivia,Smith,olivia.smith@kangalife.edu.au,DES101,Product Design Fundamentals,"Introductory principles of product design, prototyping and 3D modelling.",Mrs. Lisa Chen,P0006,Optimus,Creality,K1 Max,FDM,test_cube_v5.3mf,2026-08-17 18:45,297
94,100004,Ava,Wilson,ava.wilson@kangalife.edu.au,DES101,Product Design Fundamentals,"Introductory principles of product design, prototyping and 3D modelling.",Mrs. Lisa Chen,P0003,Marvin,Bambu Lab,X1 Carbon,FDM,fan_shroud_v5.3mf,2026-08-18 08:00,82
95,100011,Jack,Green,jack.green@kangalife.edu.au,ENG202,Engineering Systems,Applied mechanical and systems engineering with a focus on rapid prototyping.,Mr. James Cole,P0001,Ada,Prusa,MK4,FDM,wheel_hub_v5.3mf,2026-08-18 10:30,407
96,100006,Sophia,Nguyen,sophia.nguyen@kangalife.edu.au,DES101,Product Design Fundamentals,"Introductory principles of product design, prototyping and 3D modelling.",Mrs. Lisa Chen,P0005,Baymax,Creality,Ender 3 V3,FDM,clip_mount_v6.3mf,2026-08-18 11:00,377
97,100015,Leo,Nelson,leo.nelson@kangalife.edu.au,ENG202,Engineering Systems,Applied mechanical and systems engineering with a focus on rapid prototyping.,Mr. James Cole,P0009,Nova,Ultimaker,S5,FDM,cable_clip_v6.3mf,2026-08-18 14:30,294
98,100024,Zoe,Edwards,zoe.edwards@kangalife.edu.au,DES101,Product Design Fundamentals,"Introductory principles of product design, prototyping and 3D modelling.",Mrs. Lisa Chen,P0002,Turing,Prusa,MK3S+,FDM,battery_case_v4.3mf,2026-08-18 19:45,40
99,100003,Noah,Brown,noah.brown@kangalife.edu.au,ENG202,Engineering Systems,Applied mechanical and systems engineering with a focus on rapid prototyping.,Mr. James Cole,P0007,Bender,Formlabs,Form 3,SLS,bracket_v2_v6.3mf,2026-08-18 19:45,440
100,100001,Liam,Jones,liam.jones@kangalife.edu.au,ENG202,Engineering Systems,Applied mechanical and systems engineering with a focus on rapid prototyping.,Mr. James Cole,P0006,Optimus,Creality,K1 Max,FDM,fan_shroud_v6.3mf,2026-08-18 20:45,371
101,100026,Ella,Stewart,ella.stewart@kangalife.edu.au,DES101,Product Design Fundamentals,"Introductory principles of product design, prototyping and 3D modelling.",Mrs. Lisa Chen,P0004,Wall-E,Bambu Lab,P1S,FDM,phone_stand_v2.3mf,2026-08-19 07:45,175
102,100017,Oscar,Mitchell,oscar.mitchell@kangalife.edu.au,ENG202,Engineering Systems,Applied mechanical and systems engineering with a focus on rapid prototyping.,Mr. James Cole,P0008,Gizmo,Formlabs,Fuse 1+,SLS,tool_handle_v1.3mf,2026-08-19 11:30,456
103,100027,Samuel,Morris,samuel.morris@kangalife.edu.au,ENG202,Engineering Systems,Applied mechanical and systems engineering with a focus on rapid prototyping.,Mr. James Cole,P0002,Turing,Prusa,MK3S+,FDM,clip_mount_v4.3mf,2026-08-19 15:45,86
104,100019,William,Turner,william.turner@kangalife.edu.au,ENG202,Engineering Systems,Applied mechanical and systems engineering with a focus on rapid prototyping.,Mr. James Cole,P0006,Optimus,Creality,K1 Max,FDM,clip_mount_v7.3mf,2026-08-19 17:00,283
105,100026,Ella,Stewart,ella.stewart@kangalife.edu.au,DES101,Product Design Fundamentals,"Introductory principles of product design, prototyping and 3D modelling.",Mrs. Lisa Chen,P0004,Wall-E,Bambu Lab,P1S,FDM,gasket_ring_v4.3mf,2026-08-20 09:00,38
106,100011,Jack,Green,jack.green@kangalife.edu.au,ENG202,Engineering Systems,Applied mechanical and systems engineering with a focus on rapid prototyping.,Mr. James Cole,P0005,Baymax,Creality,Ender 3 V3,FDM,lever_arm_v8.3mf,2026-08-20 10:30,300
107,100009,Lucas,Walker,lucas.walker@kangalife.edu.au,ENG202,Engineering Systems,Applied mechanical and systems engineering with a focus on rapid prototyping.,Mr. James Cole,P0004,Wall-E,Bambu Lab,P1S,FDM,clip_mount_v1.3mf,2026-08-20 13:30,157
108,100027,Samuel,Morris,samuel.morris@kangalife.edu.au,ENG202,Engineering Systems,Applied mechanical and systems engineering with a focus on rapid prototyping.,Mr. James Cole,P0001,Ada,Prusa,MK4,FDM,spacer_plate_v4.3mf,2026-08-20 20:45,194
109,100027,Samuel,Morris,samuel.morris@kangalife.edu.au,ENG202,Engineering Systems,Applied mechanical and systems engineering with a focus on rapid prototyping.,Mr. James Cole,P0001,Ada,Prusa,MK4,FDM,test_cube_v9.3mf,2026-08-21 15:30,354
110,100009,Lucas,Walker,lucas.walker@kangalife.edu.au,ENG202,Engineering Systems,Applied mechanical and systems engineering with a focus on rapid prototyping.,Mr. James Cole,P0006,Optimus,Creality,K1 Max,FDM,phone_stand_v6.3mf,2026-08-21 17:15,356
111,100009,Lucas,Walker,lucas.walker@kangalife.edu.au,ENG202,Engineering Systems,Applied mechanical and systems engineering with a focus on rapid prototyping.,Mr. James Cole,P0010,Titan,Anycubic,Photon Mono X,SLS,enclosure_lid_v6.3mf,2026-08-21 17:30,273
112,100004,Ava,Wilson,ava.wilson@kangalife.edu.au,DES101,Product Design Fundamentals,"Introductory principles of product design, prototyping and 3D modelling.",Mrs. Lisa Chen,P0004,Wall-E,Bambu Lab,P1S,FDM,cable_clip_v3.3mf,2026-08-22 08:45,223
113,100016,Harper,Carter,harper.carter@kangalife.edu.au,DES101,Product Design Fundamentals,"Introductory principles of product design, prototyping and 3D modelling.",Mrs. Lisa Chen,P0004,Wall-E,Bambu Lab,P1S,FDM,tool_handle_v8.3mf,2026-08-22 15:15,385
114,100014,Amelia,Adams,amelia.adams@kangalife.edu.au,DES101,Product Design Fundamentals,"Introductory principles of product design, prototyping and 3D modelling.",Mrs. Lisa Chen,P0007,Bender,Formlabs,Form 3,SLS,tool_handle_v9.3mf,2026-08-22 17:30,446
115,100019,William,Turner,william.turner@kangalife.edu.au,ENG202,Engineering Systems,Applied mechanical and systems engineering with a focus on rapid prototyping.,Mr. James Cole,P0008,Gizmo,Formlabs,Fuse 1+,SLS,battery_case_v5.3mf,2026-08-22 19:00,191
116,100005,Ethan,Taylor,ethan.taylor@kangalife.edu.au,ENG202,Engineering Systems,Applied mechanical and systems engineering with a focus on rapid prototyping.,Mr. James Cole,P0003,Marvin,Bambu Lab,X1 Carbon,FDM,wheel_hub_v9.3mf,2026-08-23 08:15,420
117,100021,James,Campbell,james.campbell@kangalife.edu.au,ENG202,Engineering Systems,Applied mechanical and systems engineering with a focus on rapid prototyping.,Mr. James Cole,P0004,Wall-E,Bambu Lab,P1S,FDM,spacer_plate_v3.3mf,2026-08-23 14:30,250
118,100000,Olivia,Smith,olivia.smith@kangalife.edu.au,DES101,Product Design Fundamentals,"Introductory principles of product design, prototyping and 3D modelling.",Mrs. Lisa Chen,P0002,Turing,Prusa,MK3S+,FDM,wheel_hub_v5.3mf,2026-08-24 07:15,464
119,100024,Zoe,Edwards,zoe.edwards@kangalife.edu.au,DES101,Product Design Fundamentals,"Introductory principles of product design, prototyping and 3D modelling.",Mrs. Lisa Chen,P0006,Optimus,Creality,K1 Max,FDM,wheel_hub_v3.3mf,2026-08-24 08:15,146
120,100007,Mason,Kelly,mason.kelly@kangalife.edu.au,ENG202,Engineering Systems,Applied mechanical and systems engineering with a focus on rapid prototyping.,Mr. James Cole,P0005,Baymax,Creality,Ender 3 V3,FDM,camera_mount_v8.3mf,2026-08-24 11:45,54
121,100007,Mason,Kelly,mason.kelly@kangalife.edu.au,ENG202,Engineering Systems,Applied mechanical and systems engineering with a focus on rapid prototyping.,Mr. James Cole,P0007,Bender,Formlabs,Form 3,SLS,spacer_plate_v9.3mf,2026-08-24 18:45,345
122,100029,Daniel,Reed,daniel.reed@kangalife.edu.au,ENG202,Engineering Systems,Applied mechanical and systems engineering with a focus on rapid prototyping.,Mr. James Cole,P0010,Titan,Anycubic,Photon Mono X,SLS,adapter_ring_v8.3mf,2026-08-24 19:45,428
123,100006,Sophia,Nguyen,sophia.nguyen@kangalife.edu.au,DES101,Product Design Fundamentals,"Introductory principles of product design, prototyping and 3D modelling.",Mrs. Lisa Chen,P0004,Wall-E,Bambu Lab,P1S,FDM,adapter_ring_v7.3mf,2026-08-24 20:45,37
124,100009,Lucas,Walker,lucas.walker@kangalife.edu.au,ENG202,Engineering Systems,Applied mechanical and systems engineering with a focus on rapid prototyping.,Mr. James Cole,P0008,Gizmo,Formlabs,Fuse 1+,SLS,drone_arm_v2.3mf,2026-08-24 21:15,213
125,100011,Jack,Green,jack.green@kangalife.edu.au,ENG202,Engineering Systems,Applied mechanical and systems engineering with a focus on rapid prototyping.,Mr. James Cole,P0007,Bender,Formlabs,Form 3,SLS,sensor_bracket_v5.3mf,2026-08-25 08:00,391
126,100004,Ava,Wilson,ava.wilson@kangalife.edu.au,DES101,Product Design Fundamentals,"Introductory principles of product design, prototyping and 3D modelling.",Mrs. Lisa Chen,P0010,Titan,Anycubic,Photon Mono X,SLS,gasket_ring_v2.3mf,2026-08-25 08:45,325
127,100022,Chloe,Parker,chloe.parker@kangalife.edu.au,DES101,Product Design Fundamentals,"Introductory principles of product design, prototyping and 3D modelling.",Mrs. Lisa Chen,P0007,Bender,Formlabs,Form 3,SLS,spacer_plate_v7.3mf,2026-08-25 09:00,472
128,100028,Lily,Rogers,lily.rogers@kangalife.edu.au,DES101,Product Design Fundamentals,"Introductory principles of product design, prototyping and 3D modelling.",Mrs. Lisa Chen,P0009,Nova,Ultimaker,S5,FDM,nozzle_guard_v2.3mf,2026-08-25 10:00,188
129,100020,Grace,Phillips,grace.phillips@kangalife.edu.au,DES101,Product Design Fundamentals,"Introductory principles of product design, prototyping and 3D modelling.",Mrs. Lisa Chen,P0002,Turing,Prusa,MK3S+,FDM,phone_stand_v1.3mf,2026-08-25 10:00,333
130,100020,Grace,Phillips,grace.phillips@kangalife.edu.au,DES101,Product Design Fundamentals,"Introductory principles of product design, prototyping and 3D modelling.",Mrs. Lisa Chen,P0002,Turing,Prusa,MK3S+,FDM,bracket_v2_v5.3mf,2026-08-25 10:15,392
131,100008,Isabella,Chen,isabella.chen@kangalife.edu.au,DES101,Product Design Fundamentals,"Introductory principles of product design, prototyping and 3D modelling.",Mrs. Lisa Chen,P0003,Marvin,Bambu Lab,X1 Carbon,FDM,wheel_hub_v2.3mf,2026-08-25 12:30,95
132,100011,Jack,Green,jack.green@kangalife.edu.au,ENG202,Engineering Systems,Applied mechanical and systems engineering with a focus on rapid prototyping.,Mr. James Cole,P0010,Titan,Anycubic,Photon Mono X,SLS,gasket_ring_v7.3mf,2026-08-25 14:30,116
133,100011,Jack,Green,jack.green@kangalife.edu.au,ENG202,Engineering Systems,Applied mechanical and systems engineering with a focus on rapid prototyping.,Mr. James Cole,P0006,Optimus,Creality,K1 Max,FDM,battery_case_v3.3mf,2026-08-25 15:45,304
134,100013,Henry,Scott,henry.scott@kangalife.edu.au,ENG202,Engineering Systems,Applied mechanical and systems engineering with a focus on rapid prototyping.,Mr. James Cole,P0003,Marvin,Bambu Lab,X1 Carbon,FDM,tool_handle_v8.3mf,2026-08-25 20:00,241
135,100013,Henry,Scott,henry.scott@kangalife.edu.au,ENG202,Engineering Systems,Applied mechanical and systems engineering with a focus on rapid prototyping.,Mr. James Cole,P0010,Titan,Anycubic,Photon Mono X,SLS,tool_handle_v6.3mf,2026-08-25 20:00,157
136,100014,Amelia,Adams,amelia.adams@kangalife.edu.au,DES101,Product Design Fundamentals,"Introductory principles of product design, prototyping and 3D modelling.",Mrs. Lisa Chen,P0006,Optimus,Creality,K1 Max,FDM,hinge_prototype_v1.3mf,2026-08-25 20:45,73
137,100018,Evelyn,Roberts,evelyn.roberts@kangalife.edu.au,DES101,Product Design Fundamentals,"Introductory principles of product design, prototyping and 3D modelling.",Mrs. Lisa Chen,P0010,Titan,Anycubic,Photon Mono X,SLS,camera_mount_v6.3mf,2026-08-26 10:30,137
138,100027,Samuel,Morris,samuel.morris@kangalife.edu.au,ENG202,Engineering Systems,Applied mechanical and systems engineering with a focus on rapid prototyping.,Mr. James Cole,P0008,Gizmo,Formlabs,Fuse 1+,SLS,hinge_prototype_v1.3mf,2026-08-26 13:30,123
139,100009,Lucas,Walker,lucas.walker@kangalife.edu.au,ENG202,Engineering Systems,Applied mechanical and systems engineering with a focus on rapid prototyping.,Mr. James Cole,P0005,Baymax,Creality,Ender 3 V3,FDM,bracket_v2_v7.3mf,2026-08-27 07:00,325
140,100021,James,Campbell,james.campbell@kangalife.edu.au,ENG202,Engineering Systems,Applied mechanical and systems engineering with a focus on rapid prototyping.,Mr. James Cole,P0008,Gizmo,Formlabs,Fuse 1+,SLS,fan_shroud_v3.3mf,2026-08-27 15:45,123
141,100007,Mason,Kelly,mason.kelly@kangalife.edu.au,ENG202,Engineering Systems,Applied mechanical and systems engineering with a focus on rapid prototyping.,Mr. James Cole,P0010,Titan,Anycubic,Photon Mono X,SLS,adapter_ring_v1.3mf,2026-08-27 16:00,405
142,100004,Ava,Wilson,ava.wilson@kangalife.edu.au,DES101,Product Design Fundamentals,"Introductory principles of product design, prototyping and 3D modelling.",Mrs. Lisa Chen,P0007,Bender,Formlabs,Form 3,SLS,hinge_prototype_v9.3mf,2026-08-27 16:45,253
143,100023,Benjamin,Evans,benjamin.evans@kangalife.edu.au,ENG202,Engineering Systems,Applied mechanical and systems engineering with a focus on rapid prototyping.,Mr. James Cole,P0002,Turing,Prusa,MK3S+,FDM,enclosure_lid_v4.3mf,2026-08-27 17:00,95
144,100028,Lily,Rogers,lily.rogers@kangalife.edu.au,DES101,Product Design Fundamentals,"Introductory principles of product design, prototyping and 3D modelling.",Mrs. Lisa Chen,P0001,Ada,Prusa,MK4,FDM,lever_arm_v8.3mf,2026-08-27 17:15,384
145,100009,Lucas,Walker,lucas.walker@kangalife.edu.au,ENG202,Engineering Systems,Applied mechanical and systems engineering with a focus on rapid prototyping.,Mr. James Cole,P0008,Gizmo,Formlabs,Fuse 1+,SLS,gear_housing_v4.3mf,2026-08-27 19:15,232
146,100024,Zoe,Edwards,zoe.edwards@kangalife.edu.au,DES101,Product Design Fundamentals,"Introductory principles of product design, prototyping and 3D modelling.",Mrs. Lisa Chen,P0007,Bender,Formlabs,Form 3,SLS,sensor_bracket_v9.3mf,2026-08-27 20:00,159
147,100003,Noah,Brown,noah.brown@kangalife.edu.au,ENG202,Engineering Systems,Applied mechanical and systems engineering with a focus on rapid prototyping.,Mr. James Cole,P0009,Nova,Ultimaker,S5,FDM,clip_mount_v3.3mf,2026-08-27 20:15,51
148,100013,Henry,Scott,henry.scott@kangalife.edu.au,ENG202,Engineering Systems,Applied mechanical and systems engineering with a focus on rapid prototyping.,Mr. James Cole,P0002,Turing,Prusa,MK3S+,FDM,spacer_plate_v7.3mf,2026-08-28 07:30,126
149,100028,Lily,Rogers,lily.rogers@kangalife.edu.au,DES101,Product Design Fundamentals,"Introductory principles of product design, prototyping and 3D modelling.",Mrs. Lisa Chen,P0006,Optimus,Creality,K1 Max,FDM,phone_stand_v7.3mf,2026-08-28 10:00,449
150,100027,Samuel,Morris,samuel.morris@kangalife.edu.au,ENG202,Engineering Systems,Applied mechanical and systems engineering with a focus on rapid prototyping.,Mr. James Cole,P0009,Nova,Ultimaker,S5,FDM,wheel_hub_v2.3mf,2026-08-28 16:15,428
151,100019,William,Turner,william.turner@kangalife.edu.au,ENG202,Engineering Systems,Applied mechanical and systems engineering with a focus on rapid prototyping.,Mr. James Cole,P0003,Marvin,Bambu Lab,X1 Carbon,FDM,gear_housing_v3.3mf,2026-08-28 16:30,210
152,100014,Amelia,Adams,amelia.adams@kangalife.edu.au,DES101,Product Design Fundamentals,"Introductory principles of product design, prototyping and 3D modelling.",Mrs. Lisa Chen,P0006,Optimus,Creality,K1 Max,FDM,sensor_bracket_v7.3mf,2026-08-28 19:45,144
153,100006,Sophia,Nguyen,sophia.nguyen@kangalife.edu.au,DES101,Product Design Fundamentals,"Introductory principles of product design, prototyping and 3D modelling.",Mrs. Lisa Chen,P0002,Turing,Prusa,MK3S+,FDM,phone_stand_v4.3mf,2026-08-29 08:15,458
154,100029,Daniel,Reed,daniel.reed@kangalife.edu.au,ENG202,Engineering Systems,Applied mechanical and systems engineering with a focus on rapid prototyping.,Mr. James Cole,P0002,Turing,Prusa,MK3S+,FDM,camera_mount_v2.3mf,2026-08-29 08:15,154
155,100013,Henry,Scott,henry.scott@kangalife.edu.au,ENG202,Engineering Systems,Applied mechanical and systems engineering with a focus on rapid prototyping.,Mr. James Cole,P0010,Titan,Anycubic,Photon Mono X,SLS,hinge_prototype_v9.3mf,2026-08-29 12:00,55
156,100003,Noah,Brown,noah.brown@kangalife.edu.au,ENG202,Engineering Systems,Applied mechanical and systems engineering with a focus on rapid prototyping.,Mr. James Cole,P0007,Bender,Formlabs,Form 3,SLS,gear_housing_v9.3mf,2026-08-29 20:30,310
157,100011,Jack,Green,jack.green@kangalife.edu.au,ENG202,Engineering Systems,Applied mechanical and systems engineering with a focus on rapid prototyping.,Mr. James Cole,P0002,Turing,Prusa,MK3S+,FDM,fan_shroud_v9.3mf,2026-08-29 21:30,450
158,100009,Lucas,Walker,lucas.walker@kangalife.edu.au,ENG202,Engineering Systems,Applied mechanical and systems engineering with a focus on rapid prototyping.,Mr. James Cole,P0008,Gizmo,Formlabs,Fuse 1+,SLS,clip_mount_v7.3mf,2026-08-30 14:00,367
159,100009,Lucas,Walker,lucas.walker@kangalife.edu.au,ENG202,Engineering Systems,Applied mechanical and systems engineering with a focus on rapid prototyping.,Mr. James Cole,P0007,Bender,Formlabs,Form 3,SLS,sensor_bracket_v7.3mf,2026-08-30 15:15,113
160,100024,Zoe,Edwards,zoe.edwards@kangalife.edu.au,DES101,Product Design Fundamentals,"Introductory principles of product design, prototyping and 3D modelling.",Mrs. Lisa Chen,P0001,Ada,Prusa,MK4,FDM,clip_mount_v1.3mf,2026-08-31 13:30,48
161,100009,Lucas,Walker,lucas.walker@kangalife.edu.au,ENG202,Engineering Systems,Applied mechanical and systems engineering with a focus on rapid prototyping.,Mr. James Cole,P0007,Bender,Formlabs,Form 3,SLS,test_cube_v2.3mf,2026-08-31 15:45,344
162,100001,Liam,Jones,liam.jones@kangalife.edu.au,ENG202,Engineering Systems,Applied mechanical and systems engineering with a focus on rapid prototyping.,Mr. James Cole,P0004,Wall-E,Bambu Lab,P1S,FDM,phone_stand_v6.3mf,2026-08-31 15:45,432
163,100012,Charlotte,Baker,charlotte.baker@kangalife.edu.au,DES101,Product Design Fundamentals,"Introductory principles of product design, prototyping and 3D modelling.",Mrs. Lisa Chen,P0009,Nova,Ultimaker,S5,FDM,gear_housing_v7.3mf,2026-08-31 18:30,128
164,100011,Jack,Green,jack.green@kangalife.edu.au,ENG202,Engineering Systems,Applied mechanical and systems engineering with a focus on rapid prototyping.,Mr. James Cole,P0009,Nova,Ultimaker,S5,FDM,fan_shroud_v2.3mf,2026-09-01 10:45,77
165,100005,Ethan,Taylor,ethan.taylor@kangalife.edu.au,ENG202,Engineering Systems,Applied mechanical and systems engineering with a focus on rapid prototyping.,Mr. James Cole,P0005,Baymax,Creality,Ender 3 V3,FDM,bracket_v2_v1.3mf,2026-09-01 19:00,165
166,100024,Zoe,Edwards,zoe.edwards@kangalife.edu.au,DES101,Product Design Fundamentals,"Introductory principles of product design, prototyping and 3D modelling.",Mrs. Lisa Chen,P0003,Marvin,Bambu Lab,X1 Carbon,FDM,tool_handle_v5.3mf,2026-09-02 08:00,269
167,100022,Chloe,Parker,chloe.parker@kangalife.edu.au,DES101,Product Design Fundamentals,"Introductory principles of product design, prototyping and 3D modelling.",Mrs. Lisa Chen,P0005,Baymax,Creality,Ender 3 V3,FDM,clip_mount_v5.3mf,2026-09-02 12:00,85
168,100001,Liam,Jones,liam.jones@kangalife.edu.au,ENG202,Engineering Systems,Applied mechanical and systems engineering with a focus on rapid prototyping.,Mr. James Cole,P0010,Titan,Anycubic,Photon Mono X,SLS,fan_shroud_v9.3mf,2026-09-02 17:00,225
169,100023,Benjamin,Evans,benjamin.evans@kangalife.edu.au,ENG202,Engineering Systems,Applied mechanical and systems engineering with a focus on rapid prototyping.,Mr. James Cole,P0002,Turing,Prusa,MK3S+,FDM,fan_shroud_v5.3mf,2026-09-03 08:30,237
170,100028,Lily,Rogers,lily.rogers@kangalife.edu.au,DES101,Product Design Fundamentals,"Introductory principles of product design, prototyping and 3D modelling.",Mrs. Lisa Chen,P0007,Bender,Formlabs,Form 3,SLS,nozzle_guard_v7.3mf,2026-09-03 09:45,369
171,100019,William,Turner,william.turner@kangalife.edu.au,ENG202,Engineering Systems,Applied mechanical and systems engineering with a focus on rapid prototyping.,Mr. James Cole,P0003,Marvin,Bambu Lab,X1 Carbon,FDM,sensor_bracket_v6.3mf,2026-09-03 13:15,404
172,100011,Jack,Green,jack.green@kangalife.edu.au,ENG202,Engineering Systems,Applied mechanical and systems engineering with a focus on rapid prototyping.,Mr. James Cole,P0005,Baymax,Creality,Ender 3 V3,FDM,cable_clip_v7.3mf,2026-09-03 17:00,419
173,100005,Ethan,Taylor,ethan.taylor@kangalife.edu.au,ENG202,Engineering Systems,Applied mechanical and systems engineering with a focus on rapid prototyping.,Mr. James Cole,P0005,Baymax,Creality,Ender 3 V3,FDM,spacer_plate_v5.3mf,2026-09-03 19:00,254
174,100005,Ethan,Taylor,ethan.taylor@kangalife.edu.au,ENG202,Engineering Systems,Applied mechanical and systems engineering with a focus on rapid prototyping.,Mr. James Cole,P0005,Baymax,Creality,Ender 3 V3,FDM,gasket_ring_v6.3mf,2026-09-04 07:15,460
175,100009,Lucas,Walker,lucas.walker@kangalife.edu.au,ENG202,Engineering Systems,Applied mechanical and systems engineering with a focus on rapid prototyping.,Mr. James Cole,P0005,Baymax,Creality,Ender 3 V3,FDM,adapter_ring_v1.3mf,2026-09-04 15:00,173
176,100004,Ava,Wilson,ava.wilson@kangalife.edu.au,DES101,Product Design Fundamentals,"Introductory principles of product design, prototyping and 3D modelling.",Mrs. Lisa Chen,P0005,Baymax,Creality,Ender 3 V3,FDM,wheel_hub_v7.3mf,2026-09-05 07:45,41
177,100003,Noah,Brown,noah.brown@kangalife.edu.au,ENG202,Engineering Systems,Applied mechanical and systems engineering with a focus on rapid prototyping.,Mr. James Cole,P0007,Bender,Formlabs,Form 3,SLS,tool_handle_v8.3mf,2026-09-05 09:30,196
178,100004,Ava,Wilson,ava.wilson@kangalife.edu.au,DES101,Product Design Fundamentals,"Introductory principles of product design, prototyping and 3D modelling.",Mrs. Lisa Chen,P0004,Wall-E,Bambu Lab,P1S,FDM,spacer_plate_v1.3mf,2026-09-05 15:30,254
179,100012,Charlotte,Baker,charlotte.baker@kangalife.edu.au,DES101,Product Design Fundamentals,"Introductory principles of product design, prototyping and 3D modelling.",Mrs. Lisa Chen,P0006,Optimus,Creality,K1 Max,FDM,sensor_bracket_v9.3mf,2026-09-05 19:15,116
180,100023,Benjamin,Evans,benjamin.evans@kangalife.edu.au,ENG202,Engineering Systems,Applied mechanical and systems engineering with a focus on rapid prototyping.,Mr. James Cole,P0005,Baymax,Creality,Ender 3 V3,FDM,adapter_ring_v7.3mf,2026-09-06 08:15,256
181,100027,Samuel,Morris,samuel.morris@kangalife.edu.au,ENG202,Engineering Systems,Applied mechanical and systems engineering with a focus on rapid prototyping.,Mr. James Cole,P0008,Gizmo,Formlabs,Fuse 1+,SLS,phone_stand_v7.3mf,2026-09-06 11:00,197
182,100002,Emma,Williams,emma.williams@kangalife.edu.au,DES101,Product Design Fundamentals,"Introductory principles of product design, prototyping and 3D modelling.",Mrs. Lisa Chen,P0002,Turing,Prusa,MK3S+,FDM,battery_case_v2.3mf,2026-09-06 19:15,299
183,100014,Amelia,Adams,amelia.adams@kangalife.edu.au,DES101,Product Design Fundamentals,"Introductory principles of product design, prototyping and 3D modelling.",Mrs. Lisa Chen,P0008,Gizmo,Formlabs,Fuse 1+,SLS,phone_stand_v1.3mf,2026-09-06 20:30,54
184,100020,Grace,Phillips,grace.phillips@kangalife.edu.au,DES101,Product Design Fundamentals,"Introductory principles of product design, prototyping and 3D modelling.",Mrs. Lisa Chen,P0002,Turing,Prusa,MK3S+,FDM,lever_arm_v9.3mf,2026-09-07 14:00,245
185,100019,William,Turner,william.turner@kangalife.edu.au,ENG202,Engineering Systems,Applied mechanical and systems engineering with a focus on rapid prototyping.,Mr. James Cole,P0010,Titan,Anycubic,Photon Mono X,SLS,clip_mount_v9.3mf,2026-09-07 14:45,167
186,100023,Benjamin,Evans,benjamin.evans@kangalife.edu.au,ENG202,Engineering Systems,Applied mechanical and systems engineering with a focus on rapid prototyping.,Mr. James Cole,P0007,Bender,Formlabs,Form 3,SLS,hinge_prototype_v3.3mf,2026-09-07 15:15,271
187,100012,Charlotte,Baker,charlotte.baker@kangalife.edu.au,DES101,Product Design Fundamentals,"Introductory principles of product design, prototyping and 3D modelling.",Mrs. Lisa Chen,P0008,Gizmo,Formlabs,Fuse 1+,SLS,drone_arm_v4.3mf,2026-09-07 16:30,309
188,100029,Daniel,Reed,daniel.reed@kangalife.edu.au,ENG202,Engineering Systems,Applied mechanical and systems engineering with a focus on rapid prototyping.,Mr. James Cole,P0010,Titan,Anycubic,Photon Mono X,SLS,sensor_bracket_v3.3mf,2026-09-08 16:30,318
189,100013,Henry,Scott,henry.scott@kangalife.edu.au,ENG202,Engineering Systems,Applied mechanical and systems engineering with a focus on rapid prototyping.,Mr. James Cole,P0005,Baymax,Creality,Ender 3 V3,FDM,phone_stand_v2.3mf,2026-09-09 12:15,30
190,100013,Henry,Scott,henry.scott@kangalife.edu.au,ENG202,Engineering Systems,Applied mechanical and systems engineering with a focus on rapid prototyping.,Mr. James Cole,P0007,Bender,Formlabs,Form 3,SLS,hinge_prototype_v5.3mf,2026-09-09 15:00,170
191,100029,Daniel,Reed,daniel.reed@kangalife.edu.au,ENG202,Engineering Systems,Applied mechanical and systems engineering with a focus on rapid prototyping.,Mr. James Cole,P0009,Nova,Ultimaker,S5,FDM,enclosure_lid_v5.3mf,2026-09-09 17:30,239
192,100014,Amelia,Adams,amelia.adams@kangalife.edu.au,DES101,Product Design Fundamentals,"Introductory principles of product design, prototyping and 3D modelling.",Mrs. Lisa Chen,P0001,Ada,Prusa,MK4,FDM,drone_arm_v1.3mf,2026-09-09 18:30,424
193,100004,Ava,Wilson,ava.wilson@kangalife.edu.au,DES101,Product Design Fundamentals,"Introductory principles of product design, prototyping and 3D modelling.",Mrs. Lisa Chen,P0002,Turing,Prusa,MK3S+,FDM,gasket_ring_v6.3mf,2026-09-10 09:15,82
194,100009,Lucas,Walker,lucas.walker@kangalife.edu.au,ENG202,Engineering Systems,Applied mechanical and systems engineering with a focus on rapid prototyping.,Mr. James Cole,P0007,Bender,Formlabs,Form 3,SLS,camera_mount_v9.3mf,2026-09-10 09:15,425
195,100013,Henry,Scott,henry.scott@kangalife.edu.au,ENG202,Engineering Systems,Applied mechanical and systems engineering with a focus on rapid prototyping.,Mr. James Cole,P0003,Marvin,Bambu Lab,X1 Carbon,FDM,battery_case_v4.3mf,2026-09-10 15:45,461
196,100010,Mia,Hall,mia.hall@kangalife.edu.au,DES101,Product Design Fundamentals,"Introductory principles of product design, prototyping and 3D modelling.",Mrs. Lisa Chen,P0002,Turing,Prusa,MK3S+,FDM,hinge_prototype_v6.3mf,2026-09-10 18:45,162
197,100023,Benjamin,Evans,benjamin.evans@kangalife.edu.au,ENG202,Engineering Systems,Applied mechanical and systems engineering with a focus on rapid prototyping.,Mr. James Cole,P0008,Gizmo,Formlabs,Fuse 1+,SLS,camera_mount_v7.3mf,2026-09-10 20:00,79
198,100023,Benjamin,Evans,benjamin.evans@kangalife.edu.au,ENG202,Engineering Systems,Applied mechanical and systems engineering with a focus on rapid prototyping.,Mr. James Cole,P0009,Nova,Ultimaker,S5,FDM,enclosure_lid_v7.3mf,2026-09-11 14:30,95
199,100015,Leo,Nelson,leo.nelson@kangalife.edu.au,ENG202,Engineering Systems,Applied mechanical and systems engineering with a focus on rapid prototyping.,Mr. James Cole,P0005,Baymax,Creality,Ender 3 V3,FDM,phone_stand_v2.3mf,2026-09-11 20:30,37
200,100021,James,Campbell,james.campbell@kangalife.edu.au,ENG202,Engineering Systems,Applied mechanical and systems engineering with a focus on rapid prototyping.,Mr. James Cole,P0005,Baymax,Creality,Ender 3 V3,FDM,clip_mount_v2.3mf,2026-09-12 08:00,242
201,100001,Liam,Jones,liam.jones@kangalife.edu.au,ENG202,Engineering Systems,Applied mechanical and systems engineering with a focus on rapid prototyping.,Mr. James Cole,P0003,Marvin,Bambu Lab,X1 Carbon,FDM,gasket_ring_v5.3mf,2026-09-12 08:45,367
202,100013,Henry,Scott,henry.scott@kangalife.edu.au,ENG202,Engineering Systems,Applied mechanical and systems engineering with a focus on rapid prototyping.,Mr. James Cole,P0004,Wall-E,Bambu Lab,P1S,FDM,drone_arm_v2.3mf,2026-09-12 12:45,225
203,100027,Samuel,Morris,samuel.morris@kangalife.edu.au,ENG202,Engineering Systems,Applied mechanical and systems engineering with a focus on rapid prototyping.,Mr. James Cole,P0007,Bender,Formlabs,Form 3,SLS,spacer_plate_v2.3mf,2026-09-12 12:45,377
204,100025,Thomas,Collins,thomas.collins@kangalife.edu.au,ENG202,Engineering Systems,Applied mechanical and systems engineering with a focus on rapid prototyping.,Mr. James Cole,P0002,Turing,Prusa,MK3S+,FDM,fan_shroud_v4.3mf,2026-09-12 14:15,226
205,100012,Charlotte,Baker,charlotte.baker@kangalife.edu.au,DES101,Product Design Fundamentals,"Introductory principles of product design, prototyping and 3D modelling.",Mrs. Lisa Chen,P0007,Bender,Formlabs,Form 3,SLS,drone_arm_v8.3mf,2026-09-13 08:00,179
206,100027,Samuel,Morris,samuel.morris@kangalife.edu.au,ENG202,Engineering Systems,Applied mechanical and systems engineering with a focus on rapid prototyping.,Mr. James Cole,P0002,Turing,Prusa,MK3S+,FDM,nozzle_guard_v3.3mf,2026-09-13 08:30,356
207,100016,Harper,Carter,harper.carter@kangalife.edu.au,DES101,Product Design Fundamentals,"Introductory principles of product design, prototyping and 3D modelling.",Mrs. Lisa Chen,P0010,Titan,Anycubic,Photon Mono X,SLS,sensor_bracket_v2.3mf,2026-09-13 08:45,22
208,100023,Benjamin,Evans,benjamin.evans@kangalife.edu.au,ENG202,Engineering Systems,Applied mechanical and systems engineering with a focus on rapid prototyping.,Mr. James Cole,P0004,Wall-E,Bambu Lab,P1S,FDM,nozzle_guard_v5.3mf,2026-09-13 10:15,173
209,100016,Harper,Carter,harper.carter@kangalife.edu.au,DES101,Product Design Fundamentals,"Introductory principles of product design, prototyping and 3D modelling.",Mrs. Lisa Chen,P0009,Nova,Ultimaker,S5,FDM,lever_arm_v6.3mf,2026-09-13 16:45,440
210,100019,William,Turner,william.turner@kangalife.edu.au,ENG202,Engineering Systems,Applied mechanical and systems engineering with a focus on rapid prototyping.,Mr. James Cole,P0001,Ada,Prusa,MK4,FDM,gear_housing_v5.3mf,2026-09-13 17:45,263
211,100024,Zoe,Edwards,zoe.edwards@kangalife.edu.au,DES101,Product Design Fundamentals,"Introductory principles of product design, prototyping and 3D modelling.",Mrs. Lisa Chen,P0003,Marvin,Bambu Lab,X1 Carbon,FDM,spacer_plate_v9.3mf,2026-09-13 21:30,107
212,100015,Leo,Nelson,leo.nelson@kangalife.edu.au,ENG202,Engineering Systems,Applied mechanical and systems engineering with a focus on rapid prototyping.,Mr. James Cole,P0003,Marvin,Bambu Lab,X1 Carbon,FDM,test_cube_v2.3mf,2026-09-14 07:30,118
213,100021,James,Campbell,james.campbell@kangalife.edu.au,ENG202,Engineering Systems,Applied mechanical and systems engineering with a focus on rapid prototyping.,Mr. James Cole,P0007,Bender,Formlabs,Form 3,SLS,fan_shroud_v1.3mf,2026-09-14 08:30,144
214,100022,Chloe,Parker,chloe.parker@kangalife.edu.au,DES101,Product Design Fundamentals,"Introductory principles of product design, prototyping and 3D modelling.",Mrs. Lisa Chen,P0006,Optimus,Creality,K1 Max,FDM,spacer_plate_v9.3mf,2026-09-14 09:15,182
215,100023,Benjamin,Evans,benjamin.evans@kangalife.edu.au,ENG202,Engineering Systems,Applied mechanical and systems engineering with a focus on rapid prototyping.,Mr. James Cole,P0009,Nova,Ultimaker,S5,FDM,sensor_bracket_v6.3mf,2026-09-14 11:30,143
216,100008,Isabella,Chen,isabella.chen@kangalife.edu.au,DES101,Product Design Fundamentals,"Introductory principles of product design, prototyping and 3D modelling.",Mrs. Lisa Chen,P0007,Bender,Formlabs,Form 3,SLS,test_cube_v5.3mf,2026-09-14 12:00,19
217,100007,Mason,Kelly,mason.kelly@kangalife.edu.au,ENG202,Engineering Systems,Applied mechanical and systems engineering with a focus on rapid prototyping.,Mr. James Cole,P0008,Gizmo,Formlabs,Fuse 1+,SLS,lever_arm_v2.3mf,2026-09-14 13:15,382
218,100011,Jack,Green,jack.green@kangalife.edu.au,ENG202,Engineering Systems,Applied mechanical and systems engineering with a focus on rapid prototyping.,Mr. James Cole,P0009,Nova,Ultimaker,S5,FDM,adapter_ring_v2.3mf,2026-09-14 15:15,329
219,100010,Mia,Hall,mia.hall@kangalife.edu.au,DES101,Product Design Fundamentals,"Introductory principles of product design, prototyping and 3D modelling.",Mrs. Lisa Chen,P0009,Nova,Ultimaker,S5,FDM,fan_shroud_v7.3mf,2026-09-14 21:30,460
220,100018,Evelyn,Roberts,evelyn.roberts@kangalife.edu.au,DES101,Product Design Fundamentals,"Introductory principles of product design, prototyping and 3D modelling.",Mrs. Lisa Chen,P0007,Bender,Formlabs,Form 3,SLS,spacer_plate_v2.3mf,2026-09-15 12:45,185
221,100009,Lucas,Walker,lucas.walker@kangalife.edu.au,ENG202,Engineering Systems,Applied mechanical and systems engineering with a focus on rapid prototyping.,Mr. James Cole,P0004,Wall-E,Bambu Lab,P1S,FDM,battery_case_v6.3mf,2026-09-15 14:45,360
222,100028,Lily,Rogers,lily.rogers@kangalife.edu.au,DES101,Product Design Fundamentals,"Introductory principles of product design, prototyping and 3D modelling.",Mrs. Lisa Chen,P0010,Titan,Anycubic,Photon Mono X,SLS,bracket_v2_v7.3mf,2026-09-16 07:30,167
223,100021,James,Campbell,james.campbell@kangalife.edu.au,ENG202,Engineering Systems,Applied mechanical and systems engineering with a focus on rapid prototyping.,Mr. James Cole,P0005,Baymax,Creality,Ender 3 V3,FDM,wheel_hub_v3.3mf,2026-09-16 08:00,440
224,100022,Chloe,Parker,chloe.parker@kangalife.edu.au,DES101,Product Design Fundamentals,"Introductory principles of product design, prototyping and 3D modelling.",Mrs. Lisa Chen,P0005,Baymax,Creality,Ender 3 V3,FDM,battery_case_v8.3mf,2026-09-16 10:45,297
225,100029,Daniel,Reed,daniel.reed@kangalife.edu.au,ENG202,Engineering Systems,Applied mechanical and systems engineering with a focus on rapid prototyping.,Mr. James Cole,P0009,Nova,Ultimaker,S5,FDM,nozzle_guard_v3.3mf,2026-09-16 14:30,399
226,100022,Chloe,Parker,chloe.parker@kangalife.edu.au,DES101,Product Design Fundamentals,"Introductory principles of product design, prototyping and 3D modelling.",Mrs. Lisa Chen,P0004,Wall-E,Bambu Lab,P1S,FDM,gasket_ring_v6.3mf,2026-09-16 15:30,232
227,100019,William,Turner,william.turner@kangalife.edu.au,ENG202,Engineering Systems,Applied mechanical and systems engineering with a focus on rapid prototyping.,Mr. James Cole,P0003,Marvin,Bambu Lab,X1 Carbon,FDM,tool_handle_v1.3mf,2026-09-16 20:30,298
228,100018,Evelyn,Roberts,evelyn.roberts@kangalife.edu.au,DES101,Product Design Fundamentals,"Introductory principles of product design, prototyping and 3D modelling.",Mrs. Lisa Chen,P0009,Nova,Ultimaker,S5,FDM,enclosure_lid_v3.3mf,2026-09-17 10:00,194
229,100000,Olivia,Smith,olivia.smith@kangalife.edu.au,DES101,Product Design Fundamentals,"Introductory principles of product design, prototyping and 3D modelling.",Mrs. Lisa Chen,P0008,Gizmo,Formlabs,Fuse 1+,SLS,sensor_bracket_v3.3mf,2026-09-17 10:30,423
230,100029,Daniel,Reed,daniel.reed@kangalife.edu.au,ENG202,Engineering Systems,Applied mechanical and systems engineering with a focus on rapid prototyping.,Mr. James Cole,P0004,Wall-E,Bambu Lab,P1S,FDM,hinge_prototype_v7.3mf,2026-09-17 14:15,457
231,100001,Liam,Jones,liam.jones@kangalife.edu.au,ENG202,Engineering Systems,Applied mechanical and systems engineering with a focus on rapid prototyping.,Mr. James Cole,P0003,Marvin,Bambu Lab,X1 Carbon,FDM,nozzle_guard_v7.3mf,2026-09-17 14:15,189
232,100010,Mia,Hall,mia.hall@kangalife.edu.au,DES101,Product Design Fundamentals,"Introductory principles of product design, prototyping and 3D modelling.",Mrs. Lisa Chen,P0009,Nova,Ultimaker,S5,FDM,camera_mount_v9.3mf,2026-09-17 18:30,258
233,100008,Isabella,Chen,isabella.chen@kangalife.edu.au,DES101,Product Design Fundamentals,"Introductory principles of product design, prototyping and 3D modelling.",Mrs. Lisa Chen,P0008,Gizmo,Formlabs,Fuse 1+,SLS,enclosure_lid_v5.3mf,2026-09-18 10:00,84
234,100006,Sophia,Nguyen,sophia.nguyen@kangalife.edu.au,DES101,Product Design Fundamentals,"Introductory principles of product design, prototyping and 3D modelling.",Mrs. Lisa Chen,P0010,Titan,Anycubic,Photon Mono X,SLS,sensor_bracket_v4.3mf,2026-09-18 13:45,88
235,100023,Benjamin,Evans,benjamin.evans@kangalife.edu.au,ENG202,Engineering Systems,Applied mechanical and systems engineering with a focus on rapid prototyping.,Mr. James Cole,P0006,Optimus,Creality,K1 Max,FDM,enclosure_lid_v3.3mf,2026-09-18 15:45,270
236,100005,Ethan,Taylor,ethan.taylor@kangalife.edu.au,ENG202,Engineering Systems,Applied mechanical and systems engineering with a focus on rapid prototyping.,Mr. James Cole,P0008,Gizmo,Formlabs,Fuse 1+,SLS,bracket_v2_v5.3mf,2026-09-18 19:15,274
237,100006,Sophia,Nguyen,sophia.nguyen@kangalife.edu.au,DES101,Product Design Fundamentals,"Introductory principles of product design, prototyping and 3D modelling.",Mrs. Lisa Chen,P0010,Titan,Anycubic,Photon Mono X,SLS,battery_case_v1.3mf,2026-09-18 21:30,343
238,100027,Samuel,Morris,samuel.morris@kangalife.edu.au,ENG202,Engineering Systems,Applied mechanical and systems engineering with a focus on rapid prototyping.,Mr. James Cole,P0002,Turing,Prusa,MK3S+,FDM,tool_handle_v6.3mf,2026-09-19 13:30,29
239,100019,William,Turner,william.turner@kangalife.edu.au,ENG202,Engineering Systems,Applied mechanical and systems engineering with a focus on rapid prototyping.,Mr. James Cole,P0009,Nova,Ultimaker,S5,FDM,gasket_ring_v8.3mf,2026-09-19 16:45,65
240,100014,Amelia,Adams,amelia.adams@kangalife.edu.au,DES101,Product Design Fundamentals,"Introductory principles of product design, prototyping and 3D modelling.",Mrs. Lisa Chen,P0002,Turing,Prusa,MK3S+,FDM,sensor_bracket_v2.3mf,2026-09-19 17:15,35
241,100017,Oscar,Mitchell,oscar.mitchell@kangalife.edu.au,ENG202,Engineering Systems,Applied mechanical and systems engineering with a focus on rapid prototyping.,Mr. James Cole,P0007,Bender,Formlabs,Form 3,SLS,wheel_hub_v2.3mf,2026-09-19 17:30,21
242,100011,Jack,Green,jack.green@kangalife.edu.au,ENG202,Engineering Systems,Applied mechanical and systems engineering with a focus on rapid prototyping.,Mr. James Cole,P0002,Turing,Prusa,MK3S+,FDM,camera_mount_v9.3mf,2026-09-19 19:00,214
243,100010,Mia,Hall,mia.hall@kangalife.edu.au,DES101,Product Design Fundamentals,"Introductory principles of product design, prototyping and 3D modelling.",Mrs. Lisa Chen,P0001,Ada,Prusa,MK4,FDM,phone_stand_v8.3mf,2026-09-19 21:15,44
244,100025,Thomas,Collins,thomas.collins@kangalife.edu.au,ENG202,Engineering Systems,Applied mechanical and systems engineering with a focus on rapid prototyping.,Mr. James Cole,P0009,Nova,Ultimaker,S5,FDM,wheel_hub_v9.3mf,2026-09-19 21:30,440
245,100010,Mia,Hall,mia.hall@kangalife.edu.au,DES101,Product Design Fundamentals,"Introductory principles of product design, prototyping and 3D modelling.",Mrs. Lisa Chen,P0002,Turing,Prusa,MK3S+,FDM,nozzle_guard_v8.3mf,2026-09-20 12:15,464
246,100025,Thomas,Collins,thomas.collins@kangalife.edu.au,ENG202,Engineering Systems,Applied mechanical and systems engineering with a focus on rapid prototyping.,Mr. James Cole,P0002,Turing,Prusa,MK3S+,FDM,camera_mount_v9.3mf,2026-09-21 07:30,463
247,100002,Emma,Williams,emma.williams@kangalife.edu.au,DES101,Product Design Fundamentals,"Introductory principles of product design, prototyping and 3D modelling.",Mrs. Lisa Chen,P0007,Bender,Formlabs,Form 3,SLS,cable_clip_v8.3mf,2026-09-21 11:00,363
248,100007,Mason,Kelly,mason.kelly@kangalife.edu.au,ENG202,Engineering Systems,Applied mechanical and systems engineering with a focus on rapid prototyping.,Mr. James Cole,P0008,Gizmo,Formlabs,Fuse 1+,SLS,nozzle_guard_v9.3mf,2026-09-21 16:15,201
249,100013,Henry,Scott,henry.scott@kangalife.edu.au,ENG202,Engineering Systems,Applied mechanical and systems engineering with a focus on rapid prototyping.,Mr. James Cole,P0002,Turing,Prusa,MK3S+,FDM,gasket_ring_v8.3mf,2026-09-21 17:30,38
250,100001,Liam,Jones,liam.jones@kangalife.edu.au,ENG202,Engineering Systems,Applied mechanical and systems engineering with a focus on rapid prototyping.,Mr. James Cole,P0010,Titan,Anycubic,Photon Mono X,SLS,spacer_plate_v3.3mf,2026-09-21 17:45,90
251,100026,Ella,Stewart,ella.stewart@kangalife.edu.au,DES101,Product Design Fundamentals,"Introductory principles of product design, prototyping and 3D modelling.",Mrs. Lisa Chen,P0002,Turing,Prusa,MK3S+,FDM,spacer_plate_v1.3mf,2026-09-22 07:30,129
252,100008,Isabella,Chen,isabella.chen@kangalife.edu.au,DES101,Product Design Fundamentals,"Introductory principles of product design, prototyping and 3D modelling.",Mrs. Lisa Chen,P0003,Marvin,Bambu Lab,X1 Carbon,FDM,clip_mount_v9.3mf,2026-09-22 11:45,474
253,100019,William,Turner,william.turner@kangalife.edu.au,ENG202,Engineering Systems,Applied mechanical and systems engineering with a focus on rapid prototyping.,Mr. James Cole,P0007,Bender,Formlabs,Form 3,SLS,gear_housing_v6.3mf,2026-09-22 13:30,335
254,100009,Lucas,Walker,lucas.walker@kangalife.edu.au,ENG202,Engineering Systems,Applied mechanical and systems engineering with a focus on rapid prototyping.,Mr. James Cole,P0007,Bender,Formlabs,Form 3,SLS,tool_handle_v9.3mf,2026-09-22 14:45,56
255,100001,Liam,Jones,liam.jones@kangalife.edu.au,ENG202,Engineering Systems,Applied mechanical and systems engineering with a focus on rapid prototyping.,Mr. James Cole,P0007,Bender,Formlabs,Form 3,SLS,bracket_v2_v9.3mf,2026-09-22 17:15,201
256,100006,Sophia,Nguyen,sophia.nguyen@kangalife.edu.au,DES101,Product Design Fundamentals,"Introductory principles of product design, prototyping and 3D modelling.",Mrs. Lisa Chen,P0005,Baymax,Creality,Ender 3 V3,FDM,gear_housing_v3.3mf,2026-09-22 18:15,98
257,100025,Thomas,Collins,thomas.collins@kangalife.edu.au,ENG202,Engineering Systems,Applied mechanical and systems engineering with a focus on rapid prototyping.,Mr. James Cole,P0009,Nova,Ultimaker,S5,FDM,drone_arm_v1.3mf,2026-09-22 20:00,62
258,100008,Isabella,Chen,isabella.chen@kangalife.edu.au,DES101,Product Design Fundamentals,"Introductory principles of product design, prototyping and 3D modelling.",Mrs. Lisa Chen,P0001,Ada,Prusa,MK4,FDM,nozzle_guard_v5.3mf,2026-09-23 09:00,241
259,100014,Amelia,Adams,amelia.adams@kangalife.edu.au,DES101,Product Design Fundamentals,"Introductory principles of product design, prototyping and 3D modelling.",Mrs. Lisa Chen,P0001,Ada,Prusa,MK4,FDM,enclosure_lid_v5.3mf,2026-09-23 09:30,239
260,100005,Ethan,Taylor,ethan.taylor@kangalife.edu.au,ENG202,Engineering Systems,Applied mechanical and systems engineering with a focus on rapid prototyping.,Mr. James Cole,P0005,Baymax,Creality,Ender 3 V3,FDM,fan_shroud_v1.3mf,2026-09-23 13:00,130
261,100024,Zoe,Edwards,zoe.edwards@kangalife.edu.au,DES101,Product Design Fundamentals,"Introductory principles of product design, prototyping and 3D modelling.",Mrs. Lisa Chen,P0007,Bender,Formlabs,Form 3,SLS,battery_case_v9.3mf,2026-09-23 19:15,264
262,100008,Isabella,Chen,isabella.chen@kangalife.edu.au,DES101,Product Design Fundamentals,"Introductory principles of product design, prototyping and 3D modelling.",Mrs. Lisa Chen,P0006,Optimus,Creality,K1 Max,FDM,tool_handle_v5.3mf,2026-09-24 07:15,58
263,100005,Ethan,Taylor,ethan.taylor@kangalife.edu.au,ENG202,Engineering Systems,Applied mechanical and systems engineering with a focus on rapid prototyping.,Mr. James Cole,P0008,Gizmo,Formlabs,Fuse 1+,SLS,camera_mount_v7.3mf,2026-09-24 08:30,411
264,100007,Mason,Kelly,mason.kelly@kangalife.edu.au,ENG202,Engineering Systems,Applied mechanical and systems engineering with a focus on rapid prototyping.,Mr. James Cole,P0009,Nova,Ultimaker,S5,FDM,lever_arm_v1.3mf,2026-09-24 10:45,127
265,100018,Evelyn,Roberts,evelyn.roberts@kangalife.edu.au,DES101,Product Design Fundamentals,"Introductory principles of product design, prototyping and 3D modelling.",Mrs. Lisa Chen,P0009,Nova,Ultimaker,S5,FDM,enclosure_lid_v6.3mf,2026-09-24 11:00,212
266,100002,Emma,Williams,emma.williams@kangalife.edu.au,DES101,Product Design Fundamentals,"Introductory principles of product design, prototyping and 3D modelling.",Mrs. Lisa Chen,P0003,Marvin,Bambu Lab,X1 Carbon,FDM,clip_mount_v7.3mf,2026-09-24 12:00,419
267,100025,Thomas,Collins,thomas.collins@kangalife.edu.au,ENG202,Engineering Systems,Applied mechanical and systems engineering with a focus on rapid prototyping.,Mr. James Cole,P0008,Gizmo,Formlabs,Fuse 1+,SLS,gasket_ring_v7.3mf,2026-09-24 17:45,94
268,100020,Grace,Phillips,grace.phillips@kangalife.edu.au,DES101,Product Design Fundamentals,"Introductory principles of product design, prototyping and 3D modelling.",Mrs. Lisa Chen,P0006,Optimus,Creality,K1 Max,FDM,wheel_hub_v7.3mf,2026-09-25 07:15,362
269,100025,Thomas,Collins,thomas.collins@kangalife.edu.au,ENG202,Engineering Systems,Applied mechanical and systems engineering with a focus on rapid prototyping.,Mr. James Cole,P0008,Gizmo,Formlabs,Fuse 1+,SLS,enclosure_lid_v6.3mf,2026-09-25 14:45,408
270,100027,Samuel,Morris,samuel.morris@kangalife.edu.au,ENG202,Engineering Systems,Applied mechanical and systems engineering with a focus on rapid prototyping.,Mr. James Cole,P0010,Titan,Anycubic,Photon Mono X,SLS,battery_case_v5.3mf,2026-09-25 16:00,327
271,100028,Lily,Rogers,lily.rogers@kangalife.edu.au,DES101,Product Design Fundamentals,"Introductory principles of product design, prototyping and 3D modelling.",Mrs. Lisa Chen,P0008,Gizmo,Formlabs,Fuse 1+,SLS,clip_mount_v8.3mf,2026-09-25 16:45,187
272,100024,Zoe,Edwards,zoe.edwards@kangalife.edu.au,DES101,Product Design Fundamentals,"Introductory principles of product design, prototyping and 3D modelling.",Mrs. Lisa Chen,P0010,Titan,Anycubic,Photon Mono X,SLS,adapter_ring_v8.3mf,2026-09-25 17:30,457
273,100022,Chloe,Parker,chloe.parker@kangalife.edu.au,DES101,Product Design Fundamentals,"Introductory principles of product design, prototyping and 3D modelling.",Mrs. Lisa Chen,P0005,Baymax,Creality,Ender 3 V3,FDM,lever_arm_v2.3mf,2026-09-25 19:00,192
274,100026,Ella,Stewart,ella.stewart@kangalife.edu.au,DES101,Product Design Fundamentals,"Introductory principles of product design, prototyping and 3D modelling.",Mrs. Lisa Chen,P0003,Marvin,Bambu Lab,X1 Carbon,FDM,gasket_ring_v2.3mf,2026-09-26 07:30,309
275,100004,Ava,Wilson,ava.wilson@kangalife.edu.au,DES101,Product Design Fundamentals,"Introductory principles of product design, prototyping and 3D modelling.",Mrs. Lisa Chen,P0008,Gizmo,Formlabs,Fuse 1+,SLS,drone_arm_v1.3mf,2026-09-26 11:45,260
276,100029,Daniel,Reed,daniel.reed@kangalife.edu.au,ENG202,Engineering Systems,Applied mechanical and systems engineering with a focus on rapid prototyping.,Mr. James Cole,P0002,Turing,Prusa,MK3S+,FDM,sensor_bracket_v7.3mf,2026-09-26 13:45,163
277,100006,Sophia,Nguyen,sophia.nguyen@kangalife.edu.au,DES101,Product Design Fundamentals,"Introductory principles of product design, prototyping and 3D modelling.",Mrs. Lisa Chen,P0005,Baymax,Creality,Ender 3 V3,FDM,enclosure_lid_v1.3mf,2026-09-26 18:00,397
278,100000,Olivia,Smith,olivia.smith@kangalife.edu.au,DES101,Product Design Fundamentals,"Introductory principles of product design, prototyping and 3D modelling.",Mrs. Lisa Chen,P0010,Titan,Anycubic,Photon Mono X,SLS,fan_shroud_v4.3mf,2026-09-27 10:00,51
279,100014,Amelia,Adams,amelia.adams@kangalife.edu.au,DES101,Product Design Fundamentals,"Introductory principles of product design, prototyping and 3D modelling.",Mrs. Lisa Chen,P0006,Optimus,Creality,K1 Max,FDM,fan_shroud_v7.3mf,2026-09-27 18:15,468
280,100026,Ella,Stewart,ella.stewart@kangalife.edu.au,DES101,Product Design Fundamentals,"Introductory principles of product design, prototyping and 3D modelling.",Mrs. Lisa Chen,P0008,Gizmo,Formlabs,Fuse 1+,SLS,gear_housing_v4.3mf,2026-09-28 07:00,417
281,100006,Sophia,Nguyen,sophia.nguyen@kangalife.edu.au,DES101,Product Design Fundamentals,"Introductory principles of product design, prototyping and 3D modelling.",Mrs. Lisa Chen,P0004,Wall-E,Bambu Lab,P1S,FDM,sensor_bracket_v3.3mf,2026-09-28 07:30,454
282,100016,Harper,Carter,harper.carter@kangalife.edu.au,DES101,Product Design Fundamentals,"Introductory principles of product design, prototyping and 3D modelling.",Mrs. Lisa Chen,P0002,Turing,Prusa,MK3S+,FDM,hinge_prototype_v2.3mf,2026-09-28 08:15,221
283,100006,Sophia,Nguyen,sophia.nguyen@kangalife.edu.au,DES101,Product Design Fundamentals,"Introductory principles of product design, prototyping and 3D modelling.",Mrs. Lisa Chen,P0008,Gizmo,Formlabs,Fuse 1+,SLS,tool_handle_v9.3mf,2026-09-28 11:00,441
284,100019,William,Turner,william.turner@kangalife.edu.au,ENG202,Engineering Systems,Applied mechanical and systems engineering with a focus on rapid prototyping.,Mr. James Cole,P0001,Ada,Prusa,MK4,FDM,battery_case_v6.3mf,2026-09-28 11:00,61
285,100011,Jack,Green,jack.green@kangalife.edu.au,ENG202,Engineering Systems,Applied mechanical and systems engineering with a focus on rapid prototyping.,Mr. James Cole,P0007,Bender,Formlabs,Form 3,SLS,phone_stand_v5.3mf,2026-09-28 11:30,68
286,100010,Mia,Hall,mia.hall@kangalife.edu.au,DES101,Product Design Fundamentals,"Introductory principles of product design, prototyping and 3D modelling.",Mrs. Lisa Chen,P0005,Baymax,Creality,Ender 3 V3,FDM,gasket_ring_v8.3mf,2026-09-28 18:45,100
287,100016,Harper,Carter,harper.carter@kangalife.edu.au,DES101,Product Design Fundamentals,"Introductory principles of product design, prototyping and 3D modelling.",Mrs. Lisa Chen,P0008,Gizmo,Formlabs,Fuse 1+,SLS,fan_shroud_v5.3mf,2026-09-29 08:15,64
288,100000,Olivia,Smith,olivia.smith@kangalife.edu.au,DES101,Product Design Fundamentals,"Introductory principles of product design, prototyping and 3D modelling.",Mrs. Lisa Chen,P0010,Titan,Anycubic,Photon Mono X,SLS,fan_shroud_v6.3mf,2026-09-29 10:00,340
289,100029,Daniel,Reed,daniel.reed@kangalife.edu.au,ENG202,Engineering Systems,Applied mechanical and systems engineering with a focus on rapid prototyping.,Mr. James Cole,P0002,Turing,Prusa,MK3S+,FDM,gasket_ring_v9.3mf,2026-09-29 10:15,206
290,100029,Daniel,Reed,daniel.reed@kangalife.edu.au,ENG202,Engineering Systems,Applied mechanical and systems engineering with a focus on rapid prototyping.,Mr. James Cole,P0010,Titan,Anycubic,Photon Mono X,SLS,enclosure_lid_v6.3mf,2026-09-29 14:15,46
291,100017,Oscar,Mitchell,oscar.mitchell@kangalife.edu.au,ENG202,Engineering Systems,Applied mechanical and systems engineering with a focus on rapid prototyping.,Mr. James Cole,P0005,Baymax,Creality,Ender 3 V3,FDM,test_cube_v5.3mf,2026-09-29 15:00,272
292,100008,Isabella,Chen,isabella.chen@kangalife.edu.au,DES101,Product Design Fundamentals,"Introductory principles of product design, prototyping and 3D modelling.",Mrs. Lisa Chen,P0004,Wall-E,Bambu Lab,P1S,FDM,test_cube_v9.3mf,2026-09-29 15:45,71
293,100022,Chloe,Parker,chloe.parker@kangalife.edu.au,DES101,Product Design Fundamentals,"Introductory principles of product design, prototyping and 3D modelling.",Mrs. Lisa Chen,P0005,Baymax,Creality,Ender 3 V3,FDM,wheel_hub_v3.3mf,2026-09-29 16:00,413
294,100028,Lily,Rogers,lily.rogers@kangalife.edu.au,DES101,Product Design Fundamentals,"Introductory principles of product design, prototyping and 3D modelling.",Mrs. Lisa Chen,P0008,Gizmo,Formlabs,Fuse 1+,SLS,drone_arm_v1.3mf,2026-09-29 19:15,378
295,100023,Benjamin,Evans,benjamin.evans@kangalife.edu.au,ENG202,Engineering Systems,Applied mechanical and systems engineering with a focus on rapid prototyping.,Mr. James Cole,P0008,Gizmo,Formlabs,Fuse 1+,SLS,gasket_ring_v4.3mf,2026-09-29 19:30,127
296,100026,Ella,Stewart,ella.stewart@kangalife.edu.au,DES101,Product Design Fundamentals,"Introductory principles of product design, prototyping and 3D modelling.",Mrs. Lisa Chen,P0003,Marvin,Bambu Lab,X1 Carbon,FDM,spacer_plate_v8.3mf,2026-09-30 07:00,24
297,100022,Chloe,Parker,chloe.parker@kangalife.edu.au,DES101,Product Design Fundamentals,"Introductory principles of product design, prototyping and 3D modelling.",Mrs. Lisa Chen,P0008,Gizmo,Formlabs,Fuse 1+,SLS,fan_shroud_v1.3mf,2026-09-30 08:15,338
298,100003,Noah,Brown,noah.brown@kangalife.edu.au,ENG202,Engineering Systems,Applied mechanical and systems engineering with a focus on rapid prototyping.,Mr. James Cole,P0010,Titan,Anycubic,Photon Mono X,SLS,clip_mount_v1.3mf,2026-09-30 08:45,351
299,100003,Noah,Brown,noah.brown@kangalife.edu.au,ENG202,Engineering Systems,Applied mechanical and systems engineering with a focus on rapid prototyping.,Mr. James Cole,P0006,Optimus,Creality,K1 Max,FDM,fan_shroud_v7.3mf,2026-09-30 18:15,136
300,100001,Liam,Jones,liam.jones@kangalife.edu.au,ENG202,Engineering Systems,Applied mechanical and systems engineering with a focus on rapid prototyping.,Mr. James Cole,P0004,Wall-E,Bambu Lab,P1S,FDM,camera_mount_v6.3mf,2026-09-30 19:45,335
